{
	"IcoMoonType": "selection",
	"icons": [
		{
			"icon": {
				"paths": [
					"M512 950.857q-14.857 0-25.143-10.286l-356.571-344q-5.714-4.571-15.714-14.857t-31.714-37.429-38.857-55.714-30.571-69.143-13.429-78.857q0-125.714 72.571-196.571t200.571-70.857q35.429 0 72.286 12.286t68.571 33.143 54.571 39.143 43.429 38.857q20.571-20.571 43.429-38.857t54.571-39.143 68.571-33.143 72.286-12.286q128 0 200.571 70.857t72.571 196.571q0 126.286-130.857 257.143l-356 342.857q-10.286 10.286-25.143 10.286z"
				],
				"width": 1023.999963760376,
				"attrs": [],
				"isMulticolor": false,
				"tags": [
					"heart"
				],
				"defaultCode": 61444,
				"grid": 14
			},
			"attrs": [],
			"properties": {
				"name": "heart",
				"id": 4,
				"order": 17,
				"prevSize": 32,
				"code": 61444
			},
			"setIdx": 0,
			"setId": 3,
			"iconIdx": 4
		},
		{
			"icon": {
				"paths": [
					"M1024 512q0 99.429-68.571 183.714t-186.286 133.143-257.143 48.857q-40 0-82.857-4.571-113.143 100-262.857 138.286-28 8-65.143 12.571-9.714 1.143-17.429-5.143t-10-16.571v-0.571q-1.714-2.286-0.286-6.857t1.143-5.714 2.571-5.429l3.429-5.143t4-4.857 4.571-5.143q4-4.571 17.714-19.714t19.714-21.714 17.714-22.571 18.571-29.143 15.429-33.714 14.857-43.429q-89.714-50.857-141.429-125.714t-51.714-160.571q0-74.286 40.571-142t109.143-116.857 163.429-78 198.857-28.857q139.429 0 257.143 48.857t186.286 133.143 68.571 183.714z"
				],
				"width": 1023.9970550537109,
				"attrs": [],
				"isMulticolor": false,
				"tags": [
					"comment"
				],
				"defaultCode": 61557,
				"grid": 14
			},
			"attrs": [],
			"properties": {
				"name": "comment",
				"id": 110,
				"order": 19,
				"prevSize": 32,
				"code": 61557
			},
			"setIdx": 0,
			"setId": 3,
			"iconIdx": 110
		},
		{
			"icon": {
				"paths": [
					"M961.714 760.571l-94.857 94.286q-10.857 10.857-25.714 10.857t-25.714-10.857l-303.429-303.429-303.429 303.429q-10.857 10.857-25.714 10.857t-25.714-10.857l-94.857-94.286q-10.857-10.857-10.857-26t10.857-26l424-423.429q10.857-10.857 25.714-10.857t25.714 10.857l424 423.429q10.857 10.857 10.857 26t-10.857 26z"
				],
				"width": 1023.9999694824219,
				"attrs": [],
				"isMulticolor": false,
				"tags": [
					"chevron-up"
				],
				"defaultCode": 61559,
				"grid": 14
			},
			"attrs": [],
			"properties": {
				"name": "chevron-up",
				"id": 112,
				"order": 20,
				"prevSize": 32,
				"code": 61559
			},
			"setIdx": 0,
			"setId": 3,
			"iconIdx": 112
		},
		{
			"icon": {
				"paths": [
					"M146.286 768q0-14.857-10.857-25.714t-25.714-10.857q-15.429 0-26 10.857t-10.571 25.714q0 15.429 10.571 26t26 10.571q14.857 0 25.714-10.571t10.857-26zM237.714 475.429v365.714q0 14.857-10.857 25.714t-25.714 10.857h-164.571q-14.857 0-25.714-10.857t-10.857-25.714v-365.714q0-14.857 10.857-25.714t25.714-10.857h164.571q14.857 0 25.714 10.857t10.857 25.714zM914.286 475.429q0 49.143-31.429 85.143 8.571 25.143 8.571 43.429 1.714 43.429-24.571 78.286 9.714 32 0 66.857-8.571 32.571-30.857 53.714 5.143 64-28 103.429-36.571 43.429-112.571 44.571h-73.714q-37.714 0-82.286-8.857t-69.429-16.571-68.857-22.571q-70.286-24.571-90.286-25.143-14.857-0.571-25.714-11.143t-10.857-25.429v-366.286q0-14.286 10.286-24.857t24.571-11.714q13.714-1.143 43.429-33.714t57.714-69.143q38.857-49.714 57.714-68.571 10.286-10.286 17.714-27.429t10-27.714 7.714-34.571q4-22.286 7.143-34.857t11.143-29.714 19.429-28.571q10.857-10.857 25.714-10.857 26.286 0 47.143 6t34.286 14.857 22.857 23.143 13.714 25.714 6.857 28.571 2.857 25.714 0.286 22.286q0 21.714-5.429 43.429t-10.857 34.286-15.714 32q-1.714 3.429-5.714 10.286t-6.286 12.571-4.571 13.714h158.286q44.571 0 77.143 32.571t32.571 77.143z"
				],
				"width": 914.2880821228027,
				"attrs": [],
				"isMulticolor": false,
				"tags": [
					"thumbs-up"
				],
				"defaultCode": 61796,
				"grid": 14
			},
			"attrs": [],
			"properties": {
				"name": "thumbs-up",
				"id": 320,
				"order": 18,
				"prevSize": 32,
				"code": 61796
			},
			"setIdx": 0,
			"setId": 3,
			"iconIdx": 320
		}
	],
	"height": 1024,
	"metadata": {
		"name": "icomoon"
	},
	"preferences": {
		"showGlyphs": true,
		"showQuickUse": true,
		"showQuickUse2": true,
		"showSVGs": true,
		"fontPref": {
			"prefix": "fa-",
			"metadata": {
				"fontFamily": "icomoon",
				"majorVersion": 1,
				"minorVersion": 0
			},
			"metrics": {
				"emSize": 1024,
				"baseline": 6.25,
				"whitespace": 50
			},
			"embed": false,
			"postfix": "fa",
			"ie7": false,
			"noie8": false,
			"showSelector": true,
			"selector": "",
			"showMetrics": true,
			"showMetadata": true,
			"showVersion": true
		},
		"imagePref": {
			"prefix": "icon-",
			"png": true,
			"useClassSelector": true,
			"color": 0,
			"bgColor": 16777215,
			"classSelector": ".icon"
		},
		"historySize": 100,
		"showCodes": true,
		"gridSize": 16
	}
}